trial_id, eps_id, trips, missed_trips, loss, steps, rh_loss, dh_loss, max_delay, max_queue, CO_abs, CO2_abs, HC_abs, PMx_abs, NOx_abs, fuel_abs, elec_abs, agent_type
0, 0, 133163, 857, 64.60830868935155, 86400, 38.29596644410215, 25.590276087973862, 852.88, 26.0, 10481.588542919693, 250938.13956896262, 53.43807150563541, 5.186154340132057, 107.27892529906097, 80041.0809532679, 0.0, actu
0, 0, 132470, 757, 88.56712433003578, 86400, 68.54559152344402, 29.55652306251468, 228.29, 26.0, 14214.237176572862, 317538.1148743176, 72.02094179821808, 6.816142795206505, 137.76694144834423, 101284.59764103942, 0.0, static
0, 1, 132687, 841, 89.14567199499535, 86400, 71.09659198913785, 29.363264781491047, 227.03, 26.0, 14309.344426352798, 319278.01226129575, 72.49548399125734, 6.858301091598944, 138.55949230189225, 101839.57496052908, 0.0, static
0, 2, 132139, 984, 87.44370110262648, 86400, 68.16794584656517, 29.408819083608854, 228.36, 26.0, 14040.808388208625, 314593.0066389832, 71.1608443373562, 6.74316110326254, 136.41339131507814, 100345.18664134182, 0.0, static
0, 3, 132534, 842, 86.7568524303197, 86400, 68.1711838370346, 29.24086761229315, 288.22, 26.0, 13933.491485952667, 312767.30550716486, 70.62883033334023, 6.698099600668452, 135.57638778616857, 99762.83658384907, 0.0, static
0, 4, 132870, 962, 88.59260645743937, 86400, 68.6264797455643, 29.838858532067615, 232.38, 26.0, 14220.020844402066, 317706.99317068537, 72.0510368225636, 6.819628786987242, 137.83967075311884, 101338.4634583273, 0.0, static
