trial_id, eps_id, trips, missed_trips, loss, steps, rh_loss, dh_loss, max_delay, max_queue, CO_abs, CO2_abs, HC_abs, PMx_abs, NOx_abs, fuel_abs, elec_abs, agent_type
0, 0, 70324, 1726, 106.61021799101368, 50001, 44.382160483464766, 22.822769850595932, 2564.47, 103.0, 17146.501752273056, 539410.0059903519, 89.79497813287118, 9.525407350136431, 217.4897931930363, 172052.73814270052, 0.0, actu
0, 1, 70264, 1827, 105.27621427758164, 50001, 42.47789464798232, 22.090465980077706, 2487.79, 103.0, 16957.03156172462, 536325.1086654459, 88.86052053452691, 9.450972930775302, 216.08797323816074, 171068.73101587757, 0.0, actu
0, 0, 69883, 2437, 167.47457035330476, 50001, 215.42178403755847, 35.11889647058837, 1773.1, 103.0, 26244.661655294258, 694975.6180973266, 134.9298646609176, 13.374710592089528, 289.0102589835579, 221673.97950260484, 0.0, static
0, 0, 133151, 179, 181.34336798071394, 86400, 44.676596694214766, 27.245936454849506, 2638.73, 104.0, 28562.3829147399, 729544.3291640824, 146.29393477888834, 14.249496173998086, 304.8809623026943, 232700.64302115532, 0.0, actu
0, 0, 131940, 1396, 265.2290143246954, 86400, 220.46043087362168, 33.922330648981536, 2051.99, 103.0, 40939.77534436226, 941676.9554896257, 207.70281454406694, 19.485125752569342, 402.34813263255836, 300365.23240066436, 0.0, static
