trial_id, eps_id, trips, missed_trips, loss, steps, rh_loss, dh_loss, max_delay, max_queue, CO_abs, CO2_abs, HC_abs, PMx_abs, NOx_abs, fuel_abs, elec_abs, agent_type
0, 0, 69656, 63924, 374.68331859423415, 11896, 322.1598455233293, 328.46683628318584, 2338.68, 26.0, 59022.595995881566, 1031758.6687664533, 292.7912488839965, 24.667957309578615, 465.1796446887856, 329103.5606427669, 0.0, dqn_egreedy_exp
0, 1, 77317, 56229, 366.17398515203763, 10647, 359.8108609656772, 357.1041768665857, 1293.05, 26.0, 56718.10576200731, 999771.4376942114, 281.5584003788535, 23.80409814395269, 450.38173681457215, 318900.27837634203, 0.0, dqn_egreedy_exp
0, 2, 89332, 44302, 303.12480275825055, 11366, 294.00494401168424, 298.23324126726266, 1014.96, 26.0, 46690.52898930893, 841995.4804117025, 232.20502479403788, 19.84404305854582, 378.02868713761023, 268573.5216770781, 0.0, dqn_egreedy_exp
0, 3, 98812, 34685, 260.6879902238596, 12494, 269.9093925831204, 160.25774266365661, 845.96, 26.0, 40030.15857010001, 736541.6168634396, 199.40861719063471, 17.205361950502017, 329.68355231499163, 234936.2815645984, 0.0, dqn_egreedy_exp
0, 4, 108891, 24900, 214.9288446244416, 14014, 176.44644699140431, 88.2823596035866, 818.77, 26.0, 33133.175543211386, 626071.3457918052, 165.41545999125697, 14.457996941996951, 279.0749226977409, 199698.96519040593, 0.0, dqn_egreedy_exp
0, 5, 117082, 16587, 185.46114586358254, 15191, 154.72729878288192, 61.81982908040439, 694.74, 26.0, 28695.944635181186, 555228.9262326634, 143.55341572557748, 12.6957679361728, 246.6214352058739, 177101.95639549108, 0.0, dqn_egreedy_exp
0, 6, 122995, 10301, 162.1065179885366, 16134, 122.27664522058829, 49.5385892514394, 665.87, 26.0, 25186.734887322185, 498314.6152812617, 126.23909826731366, 11.284728247253991, 220.55316471780853, 158947.7067638056, 0.0, dqn_egreedy_exp
